date,day,time
1/2/2019,1,2.94
1/3/2019,2,1.53
1/4/2019,3,0.58
1/5/2019,4,1.02
1/6/2019,5,1.32
1/7/2019,6,0.89
1/8/2019,7,1.37
1/9/2019,8,0.72
1/10/2019,9,1.26
1/12/2019,10,1.47
1/13/2019,11,1.25
1/14/2019,12,1.19
1/15/2019,13,1.12
1/16/2019,14,0.94
1/17/2019,15,1.05
1/19/2019,16,0.93
1/20/2019,17,1.63
1/21/2019,18,1.66
1/22/2019,19,1.37
1/23/2019,20,0.92
1/24/2019,21,1.45
1/26/2019,22,1.12
1/27/2019,23,1.77
1/28/2019,24,1.26
1/29/2019,25,1.74
1/30/2019,26,1.13
1/31/2019,27,1.38
2/2/2019,28,1.18
2/3/2019,29,1.67
2/4/2019,30,1.78
2/5/2019,31,1.68
2/6/2019,32,1.39
2/7/2019,33,1.75
2/9/2019,34,1.26
2/10/2019,35,1.65
2/11/2019,36,1.09
2/12/2019,37,1.43
2/13/2019,38,1.07
2/14/2019,39,1.47
2/16/2019,40,1
2/17/2019,41,1.74
2/18/2019,42,1.25
2/19/2019,43,1.47
2/20/2019,44,1.35
2/21/2019,45,1.21
2/23/2019,46,0.98
2/24/2019,47,1.89
2/25/2019,48,1.17
2/26/2019,49,1.69
2/27/2019,50,1.19
2/28/2019,51,0.84
3/2/2019,52,1.1
3/3/2019,53,1.43
3/4/2019,54,1.27
3/5/2019,55,1.56
3/6/2019,56,1.1
3/7/2019,57,1.35
3/9/2019,58,1.05
3/10/2019,59,1.52
3/11/2019,60,1.39
3/12/2019,61,1.42
3/13/2019,62,1.38
3/14/2019,63,1.4
3/16/2019,64,1.06
3/17/2019,65,1.59
3/18/2019,66,1.07
3/19/2019,67,1.46
3/20/2019,68,0.98
3/21/2019,69,1.48
3/23/2019,70,1.13
3/24/2019,71,1.66
3/25/2019,72,1.39
3/26/2019,73,1.44
3/27/2019,74,0.92
3/28/2019,75,1.37
3/30/2019,76,1.02
3/31/2019,77,1.28
4/1/2019,78,1.19
4/2/2019,79,1.36
4/3/2019,80,1.19
4/4/2019,81,1.2
4/6/2019,82,1.14
4/7/2019,83,1.8
4/8/2019,84,1.35
4/9/2019,85,1.29
4/10/2019,86,1.16
4/11/2019,87,1.23
4/13/2019,88,0.83
4/14/2019,89,1.5
4/15/2019,90,1.35
4/16/2019,91,1.52
4/17/2019,92,1.55
4/18/2019,93,1.31
4/20/2019,94,0.81
4/21/2019,95,1.86
4/22/2019,96,1.07
4/23/2019,97,1.44
4/24/2019,98,1.06
4/25/2019,99,1.43
4/27/2019,100,0.96
4/28/2019,101,1.48
4/29/2019,102,1.32
4/30/2019,103,1.64
5/1/2019,104,1.21
5/2/2019,105,1.61
5/3/2019,106,0.35
5/4/2019,107,1.19
5/5/2019,108,1.94
5/6/2019,109,1.07
5/7/2019,110,0.95
5/8/2019,111,1.08
5/9/2019,112,1.17
5/11/2019,113,0.84
5/12/2019,114,1.16
5/13/2019,115,1.08
5/14/2019,116,1.78
5/15/2019,117,1.01
5/16/2019,118,1.08
5/17/2019,119,0.77
5/18/2019,120,0.97
5/19/2019,121,1.18
5/20/2019,122,1.17
5/21/2019,123,0.94
5/22/2019,124,0.87
5/23/2019,125,0.92
5/25/2019,126,0.89
5/26/2019,127,1.2
5/27/2019,128,0.98
5/28/2019,129,1.11
5/29/2019,130,0.87
5/30/2019,131,1.03
5/31/2019,132,0.5
6/1/2019,133,0.86
6/2/2019,134,1.36
6/3/2019,135,0.87
6/8/2019,136,1.06
6/9/2019,137,1.85
6/10/2019,138,1.5
6/11/2019,139,1.23
6/12/2019,140,0.87
6/13/2019,141,1.44
6/15/2019,142,1.07
6/16/2019,143,1.86
6/17/2019,144,1.41
6/18/2019,145,1.51
6/19/2019,146,0.91
6/20/2019,147,1.5
6/21/2019,148,0.96
6/22/2019,149,0.97
6/23/2019,150,1.49
6/24/2019,151,1.5
6/25/2019,152,1.71
6/26/2019,153,0.87
6/27/2019,154,1.44
6/28/2019,155,0.27
6/29/2019,156,1.03
6/30/2019,157,1.83
7/1/2019,158,1.3
7/2/2019,159,1.52
7/3/2019,160,1.13
7/4/2019,161,1.28
7/5/2019,162,0.36
7/6/2019,163,1.25
7/7/2019,164,1.6
7/8/2019,165,1.33
7/9/2019,166,1.72
7/10/2019,167,1.25
7/11/2019,168,1.63
7/12/2019,169,0.84
7/13/2019,170,1.04
7/14/2019,171,1.57
7/15/2019,172,1.41
7/16/2019,173,1.67
7/17/2019,174,1.15
7/18/2019,175,1.21
7/19/2019,176,0.88
7/20/2019,177,1.02
7/21/2019,178,1.55
7/22/2019,179,1.03
7/23/2019,180,1.49
7/24/2019,181,1.11
7/25/2019,182,1.41
7/26/2019,183,0.58
7/27/2019,184,0.96
7/28/2019,185,1.46
7/29/2019,186,1.33
7/30/2019,187,1.25
7/31/2019,188,1.02
8/1/2019,189,1.18
8/2/2019,190,0.91
8/3/2019,191,1.06
8/4/2019,192,1.48
8/5/2019,193,1.44
8/6/2019,194,1.75
8/7/2019,195,1.16
8/8/2019,196,1.01
8/9/2019,197,0.44
8/10/2019,198,0.7
8/15/2019,199,1.55
8/16/2019,200,0.7
8/17/2019,201,1.12
8/18/2019,202,1.57
8/19/2019,203,1.13
8/20/2019,204,1.56
8/21/2019,205,1.16
8/22/2019,206,1.18
8/23/2019,207,0.98
8/24/2019,208,0.93
8/25/2019,209,1.84
8/26/2019,210,1.26
8/27/2019,211,1.35
8/28/2019,212,1.08
8/29/2019,213,1.36
8/30/2019,214,0.61
8/31/2019,215,1.13
9/1/2019,216,1.57
9/2/2019,217,1.22
9/3/2019,218,1.39
9/4/2019,219,1.02
9/5/2019,220,1.03
9/6/2019,221,0.9
9/7/2019,222,0.97
9/8/2019,223,1.32
9/9/2019,224,0.98
9/10/2019,225,0.77
9/11/2019,226,0.94
9/12/2019,227,1.12
9/13/2019,228,0.53
9/14/2019,229,0.94
9/15/2019,230,1.53
9/16/2019,231,1.26
9/17/2019,232,1.13
9/18/2019,233,1
9/19/2019,234,1.02
9/20/2019,235,0.76
9/21/2019,236,0.99
9/22/2019,237,1.37
9/23/2019,238,1.06
9/24/2019,239,1.29
9/25/2019,240,1.23
9/26/2019,241,1.02
9/28/2019,242,1.09
9/29/2019,243,1.57
9/30/2019,244,1.08
10/1/2019,245,1.52
10/2/2019,246,1.01
10/3/2019,247,1.33
10/4/2019,248,0.6
10/5/2019,249,1.06
10/6/2019,250,1.58
10/7/2019,251,1.29
10/8/2019,252,1.26
10/9/2019,253,0.99
10/10/2019,254,1.01
10/11/2019,255,0.84
10/12/2019,256,1.08
10/13/2019,257,1.52
10/14/2019,258,1.2
10/15/2019,259,1.44
10/16/2019,260,1.1
10/17/2019,261,1.12
10/19/2019,262,0.83
10/20/2019,263,1.03
10/21/2019,264,0.79
10/22/2019,265,1
10/23/2019,266,0.75
10/24/2019,267,1.02
10/25/2019,268,0.49
10/26/2019,269,0.83
10/27/2019,270,1.44
10/28/2019,271,0.81
10/29/2019,272,0.7
10/30/2019,273,1.01
10/31/2019,274,0.95
11/1/2019,275,0.59
11/2/2019,276,0.91
11/3/2019,277,1.22
11/4/2019,278,0.86
11/5/2019,279,1.21
11/6/2019,280,0.95
11/7/2019,281,1.3
11/8/2019,282,0.4
11/9/2019,283,0.9
11/10/2019,284,1.4
11/11/2019,285,1.3
11/12/2019,286,1.38
11/13/2019,287,1.14
11/14/2019,288,1.15
11/16/2019,289,0.78
11/17/2019,290,1.1
11/18/2019,291,1.11
11/19/2019,292,1.61
11/20/2019,293,0.87
11/21/2019,294,0.88
11/22/2019,295,0.8
11/23/2019,296,1.09
11/24/2019,297,1.72
11/25/2019,298,1.19
11/26/2019,299,1.32
11/27/2019,300,0.98
11/28/2019,301,1.19
11/29/2019,302,1.46
11/30/2019,303,1.1
12/1/2019,304,1.7
12/2/2019,305,1.28
12/3/2019,306,1.04
12/4/2019,307,1.01
12/5/2019,308,0.91
12/6/2019,309,0.98
12/7/2019,310,1.02
12/8/2019,311,1.51
12/9/2019,312,0.72
12/10/2019,313,1.21
12/11/2019,314,1.02
12/12/2019,315,1.21
12/14/2019,316,0.86
12/15/2019,317,1.57
12/16/2019,318,1.06
12/17/2019,319,1.52
12/18/2019,320,1.4
12/19/2019,321,1.13
12/21/2019,322,0.96
12/22/2019,323,1.89
12/23/2019,324,0.84
12/24/2019,325,1.4
12/25/2019,326,1
12/26/2019,327,0.76
12/27/2019,328,0.86
12/28/2019,329,1.13
12/29/2019,330,1.79
12/30/2019,331,1.29
12/31/2019,332,1.37
1/1/2020,333,0.95
1/2/2020,334,1.41
1/3/2020,335,0.66
1/4/2020,336,0.85
1/5/2020,337,1.48
1/6/2020,338,1.53
1/7/2020,339,1.11
1/8/2020,340,0.94
1/9/2020,341,0.86
1/10/2020,342,1.32
1/11/2020,343,0.89
1/12/2020,344,1.85
1/13/2020,345,1.12
1/14/2020,346,1.47
1/15/2020,347,1.04
1/16/2020,348,0.81
1/17/2020,349,1.19
1/18/2020,350,1.03
1/19/2020,351,1.38
1/20/2020,352,1
1/21/2020,353,1.12
1/22/2020,354,0.87
1/23/2020,355,0.82
1/24/2020,356,0.78
1/25/2020,357,1.13
1/26/2020,358,1.73
1/27/2020,359,1.18
1/28/2020,360,1.54
1/29/2020,361,1
1/30/2020,362,0.88
1/31/2020,363,1.46
2/1/2020,364,0.76
2/2/2020,365,1.57
2/3/2020,366,1.13
2/4/2020,367,1.3
2/5/2020,368,1.38
2/6/2020,369,1.1
2/7/2020,370,0.93
2/8/2020,371,0.65
2/9/2020,372,1.44
2/10/2020,373,0.91
2/11/2020,374,1.4
2/12/2020,375,1.03
2/13/2020,376,1.02
2/14/2020,377,0.9
2/15/2020,378,0.79
2/16/2020,379,1.65
2/17/2020,380,1.13
2/18/2020,381,1.42
2/19/2020,382,1.31
2/20/2020,383,1.23
2/21/2020,384,1.19
2/22/2020,385,1.28
2/23/2020,386,1.5
2/24/2020,387,1.15
2/25/2020,388,1.21
2/26/2020,389,1.3
2/27/2020,390,0.97
2/28/2020,391,1
2/29/2020,392,1.18
3/1/2020,393,1.59
3/2/2020,394,0.88
3/3/2020,395,1.4
3/4/2020,396,0.98
3/5/2020,397,1.06
3/6/2020,398,0.79
3/7/2020,399,0.86
3/8/2020,400,1.52
3/9/2020,401,0.97
3/10/2020,402,1.36
3/11/2020,403,1.02
3/12/2020,404,1.22
3/14/2020,405,0.86
3/15/2020,406,1.17
3/16/2020,407,0.98
3/17/2020,408,0.56
3/18/2020,409,0.83
3/19/2020,410,0.78
3/21/2020,411,0.73
3/22/2020,412,0.7
3/23/2020,413,0.45
3/24/2020,414,0.69
3/25/2020,415,0.54
3/26/2020,416,0.49
3/27/2020,417,1.06
3/28/2020,418,0.52
3/29/2020,419,0.93
3/30/2020,420,0.82
3/31/2020,421,0.78
4/1/2020,422,0.65
4/2/2020,423,0.69
4/4/2020,424,0.86
4/5/2020,425,1.23
4/6/2020,426,0.98
4/7/2020,427,0.5
4/8/2020,428,0.65
4/9/2020,429,0.48
4/11/2020,430,1.13
4/12/2020,431,1.08
4/13/2020,432,1.2
4/14/2020,433,1.61
4/15/2020,434,0.87
4/16/2020,435,0.72
4/18/2020,436,1.3
4/19/2020,437,0.7
4/20/2020,438,1.21
4/21/2020,439,1.17
4/22/2020,440,1.34
4/23/2020,441,0.92
4/25/2020,442,1.1
4/26/2020,443,0.81
4/27/2020,444,1.01
4/28/2020,445,0.69
4/29/2020,446,1.33
4/30/2020,447,1.61
5/2/2020,448,1.44
5/3/2020,449,1.05
5/4/2020,450,1.16
5/5/2020,451,1.24
5/6/2020,452,1.34
5/7/2020,453,1.05
5/9/2020,454,0.89
5/10/2020,455,1.08
5/11/2020,456,1.08
5/12/2020,457,0.9
5/13/2020,458,1.14
5/14/2020,459,0.52
5/16/2020,460,0.72
5/17/2020,461,0.88
5/18/2020,462,0.83
5/19/2020,463,1.09
5/20/2020,464,1.24
5/21/2020,465,0.7
5/30/2020,466,0.54
5/31/2020,467,0.83
6/1/2020,468,2.09
6/2/2020,469,1.48
6/3/2020,470,1.23
6/4/2020,471,0.7
6/6/2020,472,1.21
6/7/2020,473,1.5
6/8/2020,474,1.08
6/9/2020,475,1.21
6/10/2020,476,1.02
6/11/2020,477,1.45
6/13/2020,478,1.34
6/14/2020,479,1.86
6/15/2020,480,1.27
6/16/2020,481,1.57
6/17/2020,482,1.77
6/18/2020,483,1.07
6/20/2020,484,1.22
6/21/2020,485,1.43
6/22/2020,486,1.11
6/23/2020,487,1.35
6/24/2020,488,1.36
6/25/2020,489,1.08
6/27/2020,490,1.06
6/28/2020,491,1.18
6/29/2020,492,1.11
6/30/2020,493,1.23
7/1/2020,494,1.35
7/2/2020,495,1.29
7/4/2020,496,1.14
7/5/2020,497,1.39
7/6/2020,498,1.13
7/7/2020,499,1.26
7/8/2020,500,1.35
7/9/2020,501,1.17
7/11/2020,502,1.22
7/12/2020,503,1.69
7/13/2020,504,0.98
7/14/2020,505,1.37
7/15/2020,506,1.71
7/16/2020,507,1.51
7/18/2020,508,1.25
7/19/2020,509,1.73
7/20/2020,510,1.4
7/21/2020,511,1.27
7/22/2020,512,1.31
7/23/2020,513,1.19
7/25/2020,514,1.19
7/26/2020,515,1.54
7/27/2020,516,1.1
7/28/2020,517,0.97
7/29/2020,518,1.2
7/30/2020,519,0.82
8/4/2020,520,1.23
8/5/2020,521,1.46
8/6/2020,522,1.58
8/8/2020,523,1.49
8/9/2020,524,1.93
8/10/2020,525,1.29
8/11/2020,526,1.63
8/12/2020,527,1.2
8/13/2020,528,1.6
8/15/2020,529,1.44
8/16/2020,530,1.56
8/17/2020,531,1.22
8/18/2020,532,1.6
8/19/2020,533,1.65
8/20/2020,534,1.59
8/22/2020,535,1.42
8/23/2020,536,1.59
8/24/2020,537,1.28
8/25/2020,538,1.4
8/26/2020,539,1.01
8/27/2020,540,1.24
8/29/2020,541,1.25
8/30/2020,542,1.72
8/31/2020,543,1.32
9/1/2020,544,1.07
9/2/2020,545,1.38
9/3/2020,546,1.33
9/5/2020,547,1.39
9/6/2020,548,1.56
9/7/2020,549,1.36
9/8/2020,550,1.53
9/9/2020,551,1.46
9/10/2020,552,1.19
9/12/2020,553,1.44
9/13/2020,554,1.62
9/14/2020,555,1.54
9/15/2020,556,1.32
9/16/2020,557,1.32
9/17/2020,558,1.42
9/19/2020,559,1.09
9/20/2020,560,1.2
9/21/2020,561,1.34
9/22/2020,562,1.19
9/23/2020,563,1.25
9/24/2020,564,1.61
9/26/2020,565,1.2
9/27/2020,566,1.62
9/28/2020,567,0.93
9/29/2020,568,1.29
9/30/2020,569,1.25
10/1/2020,570,1.23
10/3/2020,571,1.34
10/4/2020,572,1.81
10/5/2020,573,0.85
10/6/2020,574,1.22
10/7/2020,575,1.05
10/8/2020,576,1.04
10/10/2020,577,1.09
10/11/2020,578,1.21
10/12/2020,579,0.91
10/13/2020,580,1.29
10/14/2020,581,1.06
10/15/2020,582,1.46
10/17/2020,583,1.38
10/18/2020,584,1.73
10/19/2020,585,1.01
10/20/2020,586,1.22
10/21/2020,587,1.23
10/22/2020,588,1.02
10/24/2020,589,1.51
10/25/2020,590,1.77
10/26/2020,591,1.13
10/27/2020,592,1.67
10/28/2020,593,1.21
10/29/2020,594,1.06
10/31/2020,595,1.45
11/1/2020,596,1.7
11/2/2020,597,1.3
11/3/2020,598,1.4
11/4/2020,599,0.94
11/5/2020,600,1.01
11/7/2020,601,1.12
11/8/2020,602,1.91
11/9/2020,603,1.06
11/10/2020,604,1.21
11/11/2020,605,1.1
11/12/2020,606,1.06
11/14/2020,607,1.59
11/15/2020,608,0.92
11/16/2020,609,1.02
11/17/2020,610,1.2
11/18/2020,611,1.02
11/19/2020,612,1.23
11/21/2020,613,1.38
11/22/2020,614,1.51
11/23/2020,615,1.38
11/24/2020,616,1.01
11/25/2020,617,1.57
11/26/2020,618,1.45
11/28/2020,619,1.33
11/29/2020,620,1.62
11/30/2020,621,1.36
12/1/2020,622,1.43
12/2/2020,623,1.05
12/3/2020,624,1.4
12/5/2020,625,1.52
12/6/2020,626,1.49
12/7/2020,627,1.29
12/8/2020,628,1.36
12/9/2020,629,1.14
12/10/2020,630,1.32
12/12/2020,631,1.46
12/13/2020,632,1.68
12/14/2020,633,1.3
12/15/2020,634,1.31
12/16/2020,635,1.48
12/17/2020,636,1
12/19/2020,637,1.51
12/20/2020,638,1.52
12/21/2020,639,1.49
12/22/2020,640,1.71
12/23/2020,641,1.66
12/24/2020,642,1.3
12/26/2020,643,1.62
12/27/2020,644,1.57
12/28/2020,645,1.35
12/29/2020,646,1.23
12/30/2020,647,1.45
12/31/2020,648,1.34
1/2/2021,649,1.18
1/3/2021,650,1.65
1/4/2021,651,1.28
1/5/2021,652,1.51
1/6/2021,653,1.24
1/7/2021,654,1.27
1/9/2021,655,1.15
1/10/2021,656,1.87
1/11/2021,657,1.34
1/12/2021,658,1.21
1/13/2021,659,1.32
1/14/2021,660,0.71
1/16/2021,661,1.21
1/17/2021,662,0.91
1/18/2021,663,1.07
1/19/2021,664,0.96
1/20/2021,665,1.02
1/21/2021,666,0.94
1/23/2021,667,1.29
1/24/2021,668,1.83
1/25/2021,669,1.4
1/26/2021,670,1.77
1/27/2021,671,1.65
1/28/2021,672,1.53
1/30/2021,673,1.35
1/31/2021,674,1.6
2/1/2021,675,1.26
2/2/2021,676,1.26
2/3/2021,677,1.48
2/4/2021,678,1.41
2/6/2021,679,1.45
2/7/2021,680,1.79
2/8/2021,681,1.29
2/9/2021,682,1.73
2/10/2021,683,1.41
2/11/2021,684,1.41
2/13/2021,685,1.77
2/14/2021,686,1.88
2/15/2021,687,1.46
2/16/2021,688,1.7
2/17/2021,689,0.74
2/18/2021,690,0.48
2/20/2021,691,1.21
2/21/2021,692,1.77
2/22/2021,693,1.72
2/23/2021,694,1.89
2/24/2021,695,1.64
2/25/2021,696,1.39
2/27/2021,697,1.64
2/28/2021,698,1.73
3/1/2021,699,1.38
3/2/2021,700,1.7
3/3/2021,701,1.66
3/4/2021,702,1.35
3/6/2021,703,1.46
3/7/2021,704,1.71
3/8/2021,705,1.28
3/9/2021,706,1.35
3/10/2021,707,1.5
3/11/2021,708,1.32
3/13/2021,709,1.67
3/14/2021,710,1.87
3/15/2021,711,1.62
3/16/2021,712,1.8
3/17/2021,713,1.37
3/18/2021,714,1.6
3/20/2021,715,1.79
3/21/2021,716,1.56
3/22/2021,717,1.54
3/23/2021,718,1.94
3/24/2021,719,1.26
3/25/2021,720,1.26
3/27/2021,721,1.37
3/28/2021,722,1.76
3/29/2021,723,1.21
3/30/2021,724,1.83
3/31/2021,725,1.48
4/1/2021,726,1.5
4/3/2021,727,1.61
4/4/2021,728,1.63
4/5/2021,729,1.72
4/6/2021,730,1.8
4/7/2021,731,1.47
4/8/2021,732,1.65
4/10/2021,733,1.96
4/11/2021,734,1.78
4/12/2021,735,1.22
4/13/2021,736,1.41
4/14/2021,737,1.1
4/15/2021,738,1.08
4/17/2021,739,1.42
4/18/2021,740,1.68
4/19/2021,741,1.22
4/20/2021,742,1.3
4/21/2021,743,1.55
4/22/2021,744,1.03
4/24/2021,745,1.34
4/25/2021,746,1.66
4/26/2021,747,1.07
4/27/2021,748,1.49
4/28/2021,749,1.1
4/29/2021,750,1.08
5/1/2021,751,1.28
5/2/2021,752,1.54
5/3/2021,753,1.36
5/4/2021,754,1.3
5/5/2021,755,1.26
5/6/2021,756,0.93
5/8/2021,757,1.25
5/9/2021,758,1.32
5/10/2021,759,1.12
5/11/2021,760,1.19
5/12/2021,761,0.7
5/16/2021,762,1.48
5/17/2021,763,1.37
5/18/2021,764,1.61
5/19/2021,765,1.39
5/20/2021,766,1.71
5/22/2021,767,1.48
5/23/2021,768,2.07
5/24/2021,769,1.61
5/25/2021,770,1.85
5/26/2021,771,1.59
5/27/2021,772,1.82
5/29/2021,773,1.45
5/30/2021,774,2.08
5/31/2021,775,1.69
6/1/2021,776,1.81
6/2/2021,777,1.66
6/3/2021,778,1.5
6/5/2021,779,1.34
6/6/2021,780,2.18
6/7/2021,781,1.66
6/8/2021,782,1.67
6/9/2021,783,1.59
6/10/2021,784,1.1
6/12/2021,785,1.54
6/13/2021,786,1.83
6/14/2021,787,1.56
6/15/2021,788,1.7
6/16/2021,789,1.27
6/17/2021,790,1.33
6/19/2021,791,1.59
6/20/2021,792,1.64
6/21/2021,793,1.4
6/22/2021,794,1.81
6/23/2021,795,1.4
6/24/2021,796,1.54
6/26/2021,797,1.61
6/27/2021,798,1.92
6/28/2021,799,1.42
6/29/2021,800,1.6
6/30/2021,801,1.08
7/1/2021,802,1.33
7/3/2021,803,1.74
7/4/2021,804,1.71
7/5/2021,805,1.84
7/6/2021,806,1.91
7/7/2021,807,1.32
7/8/2021,808,1.57
7/10/2021,809,1.3
7/11/2021,810,1.93
7/12/2021,811,1.38
7/13/2021,812,1.43
7/14/2021,813,1.57
7/15/2021,814,1.57
7/17/2021,815,1.81
7/18/2021,816,1.96
7/19/2021,817,1.07
7/24/2021,818,1.29
7/25/2021,819,2.1
7/26/2021,820,1.65
7/27/2021,821,1.56
7/28/2021,822,1.5
7/29/2021,823,1.74
7/31/2021,824,1.63
8/1/2021,825,1.88
8/2/2021,826,1.57
8/3/2021,827,1.55
8/4/2021,828,1.75
8/5/2021,829,1.63
8/7/2021,830,1.36
8/8/2021,831,1.65
8/9/2021,832,1.29
8/10/2021,833,1.49
8/11/2021,834,1.66
8/12/2021,835,1.12
8/14/2021,836,1.32
8/15/2021,837,1.53
8/16/2021,838,1.64
8/17/2021,839,1.51
8/18/2021,840,1.28
8/19/2021,841,1.07
8/21/2021,842,1.11
8/22/2021,843,1.8
8/23/2021,844,1.38
8/24/2021,845,1.49
8/25/2021,846,1.28
8/26/2021,847,1.18
8/28/2021,848,1.46
8/29/2021,849,1.91
8/30/2021,850,1.24
8/31/2021,851,1.66
9/1/2021,852,1.39
9/2/2021,853,1.08
9/4/2021,854,1.3
9/5/2021,855,1.82
9/6/2021,856,1.19
9/7/2021,857,1.45
9/8/2021,858,1.41
9/9/2021,859,1.09
9/11/2021,860,1.49
9/12/2021,861,1.82
9/13/2021,862,1.25
9/14/2021,863,1.59
9/15/2021,864,1.54
9/16/2021,865,1.33
9/18/2021,866,1.4
9/19/2021,867,1.83
9/20/2021,868,1.49
9/21/2021,869,1.26
9/22/2021,870,1.44
9/23/2021,871,1.33
9/25/2021,872,1.49
9/26/2021,873,1.96
9/27/2021,874,1.29
9/28/2021,875,1.44
9/29/2021,876,1.69
9/30/2021,877,1.1
10/2/2021,878,1.34
10/3/2021,879,2
10/4/2021,880,1.75
10/5/2021,881,1.45
10/6/2021,882,1.48
10/7/2021,883,1.82
10/9/2021,884,1.33
10/10/2021,885,1.76
10/11/2021,886,1.24
10/12/2021,887,1.44
10/13/2021,888,1.3
10/14/2021,889,1.29
10/16/2021,890,1.01
10/17/2021,891,1.79
10/18/2021,892,1.17
10/19/2021,893,1.15
10/20/2021,894,1.28
10/21/2021,895,1.15
10/23/2021,896,1.1
10/24/2021,897,1.73
10/25/2021,898,0.88
10/26/2021,899,1.58
10/27/2021,900,1.1
10/28/2021,901,0.91
10/30/2021,902,1
10/31/2021,903,1.74
11/1/2021,904,1.04
11/2/2021,905,1.78
11/3/2021,906,1.43
11/4/2021,907,1.27
11/6/2021,908,1.42
11/7/2021,909,1.63
11/8/2021,910,1.29
11/9/2021,911,1.37
11/10/2021,912,1.39
11/11/2021,913,1.27
11/13/2021,914,1.4
11/14/2021,915,1.86
11/15/2021,916,1.3
11/16/2021,917,1.68
11/17/2021,918,1.42
11/18/2021,919,1.48
11/20/2021,920,1.34
11/21/2021,921,1.59
11/22/2021,922,1.28
11/23/2021,923,1.54
11/24/2021,924,1.17
11/25/2021,925,1.5
11/27/2021,926,1.45
11/28/2021,927,1.66
11/29/2021,928,0.95
11/30/2021,929,1.54
12/1/2021,930,1.29
12/2/2021,931,1.1
12/4/2021,932,1.47
12/5/2021,933,1.97
12/6/2021,934,1.39
12/7/2021,935,1.37
12/8/2021,936,1.66
12/9/2021,937,1.42
12/11/2021,938,1.26
12/12/2021,939,1.89
12/13/2021,940,1.49
12/14/2021,941,1.27
12/15/2021,942,1.48
12/16/2021,943,1.55
12/18/2021,944,1.35
12/19/2021,945,1.6
12/20/2021,946,1.57
12/21/2021,947,1.04
12/22/2021,948,1.52
12/23/2021,949,1.08
12/25/2021,950,1.33
12/26/2021,951,1.6
12/27/2021,952,1.18
12/28/2021,953,1.51
12/29/2021,954,1.43
12/30/2021,955,1
1/1/2022,956,0.97
1/2/2022,957,1.7
1/3/2022,958,1.48
1/4/2022,959,1.33
1/5/2022,960,1.74
1/6/2022,961,1.61
1/8/2022,962,1.45
1/9/2022,963,2.02
1/10/2022,964,1.33
1/11/2022,965,1.35
1/12/2022,966,1.63
1/13/2022,967,1.17
1/15/2022,968,1.43
1/16/2022,969,1.33
1/17/2022,970,1.13
1/18/2022,971,1.04
1/19/2022,972,0.82
1/20/2022,973,0.6
1/22/2022,974,1.24
1/23/2022,975,1.55
1/24/2022,976,1.19
1/25/2022,977,1.47
1/26/2022,978,1
1/29/2022,979,0.99
1/30/2022,980,1.16
1/31/2022,981,1.28
2/1/2022,982,0.66
2/2/2022,983,1.49
2/3/2022,984,1.22
2/5/2022,985,1.12
2/6/2022,986,1.26
2/7/2022,987,0.97
2/8/2022,988,0.96
2/9/2022,989,1.45
2/10/2022,990,1.14
2/12/2022,991,1.13
2/13/2022,992,1.63
2/14/2022,993,1.03
2/15/2022,994,1.1
2/16/2022,995,1.76
2/17/2022,996,1.4
2/19/2022,997,1.48
2/20/2022,998,1.75
2/21/2022,999,1.7
2/22/2022,1000,1.56
2/23/2022,1001,1.65
2/24/2022,1002,1.28
2/26/2022,1003,1.32
2/27/2022,1004,1.56
2/28/2022,1005,1.22
3/1/2022,1006,1.29
3/2/2022,1007,1.69
3/3/2022,1008,1.11
3/5/2022,1009,1.5
3/6/2022,1010,1.68
3/7/2022,1011,1.34
3/8/2022,1012,1.3
3/9/2022,1013,1.31
3/10/2022,1014,1.23
3/12/2022,1015,0.88
3/13/2022,1016,1.26
3/14/2022,1017,1.25
3/15/2022,1018,1.17
3/16/2022,1019,1.28
3/17/2022,1020,1.48
3/19/2022,1021,1.7
3/20/2022,1022,1.61
3/21/2022,1023,1.2
3/22/2022,1024,1.13
3/23/2022,1025,1.93
3/24/2022,1026,0.8
3/26/2022,1027,1.54
3/27/2022,1028,1.3
3/28/2022,1029,1.12
3/29/2022,1030,1.51
3/30/2022,1031,1.72
3/31/2022,1032,1.41
4/2/2022,1033,1.11
4/3/2022,1034,1.46
4/4/2022,1035,1.08
4/5/2022,1036,1.26
4/6/2022,1037,1.29
4/7/2022,1038,1.04
4/9/2022,1039,1.23
4/10/2022,1040,1.44
4/11/2022,1041,0.95
4/12/2022,1042,1.13
4/13/2022,1043,1.24
4/14/2022,1044,1.13
4/16/2022,1045,1.39
4/17/2022,1046,1.57
4/18/2022,1047,1.1
4/19/2022,1048,1.12
4/20/2022,1049,1.12
4/21/2022,1050,0.93
4/23/2022,1051,1.24
4/24/2022,1052,1.38
4/25/2022,1053,0.98
4/26/2022,1054,1.1
4/27/2022,1055,1.22
4/28/2022,1056,1.27
4/30/2022,1057,0.95
5/1/2022,1058,1.3
5/7/2022,1059,0.93
5/8/2022,1060,1.89
5/9/2022,1061,0.99
5/10/2022,1062,1.18
5/11/2022,1063,1.63
5/12/2022,1064,1.56
5/14/2022,1065,1.4
5/16/2022,1066,1.17
5/17/2022,1067,1.46
5/18/2022,1068,1.75
5/19/2022,1069,1.69
5/21/2022,1070,1.52
5/22/2022,1071,2
5/23/2022,1072,1.3
5/24/2022,1073,1.84
5/25/2022,1074,1.59
5/26/2022,1075,1.35
5/28/2022,1076,1.49
5/29/2022,1077,1.61
5/30/2022,1078,1.31
5/31/2022,1079,1.68
6/1/2022,1080,1.68
6/2/2022,1081,1.43
6/4/2022,1082,1.56
6/5/2022,1083,1.65
6/6/2022,1084,1.31
6/7/2022,1085,1.45
6/8/2022,1086,1.95
6/9/2022,1087,1.48
6/11/2022,1088,1.36
6/12/2022,1089,1.93
6/13/2022,1090,1.33
6/14/2022,1091,1.48
6/15/2022,1092,1.78
6/16/2022,1093,1.4
6/18/2022,1094,1.56
6/19/2022,1095,1.66
6/20/2022,1096,1.38
6/21/2022,1097,1.47
6/22/2022,1098,1.49
6/23/2022,1099,1.47
6/25/2022,1100,1.27
6/26/2022,1101,1.78
6/27/2022,1102,1.46
6/28/2022,1103,1.37
6/29/2022,1104,1.71
6/30/2022,1105,1.5
7/2/2022,1106,1.33
7/3/2022,1107,1.24
7/4/2022,1108,1.27
7/5/2022,1109,1.55
7/6/2022,1110,1.54
7/7/2022,1111,1.17
7/13/2022,1112,1.09
7/14/2022,1113,1.59
7/16/2022,1114,1.33
7/17/2022,1115,1.69
7/18/2022,1116,1.34
7/19/2022,1117,1.7
7/20/2022,1118,1.47
7/21/2022,1119,1.35
7/23/2022,1120,1.21
7/24/2022,1121,1.79
7/25/2022,1122,1.43
7/26/2022,1123,1.08
7/27/2022,1124,1.52
7/28/2022,1125,1.14
7/30/2022,1126,1.28
7/31/2022,1127,1.58
8/1/2022,1128,1.62
8/2/2022,1129,1.55
8/3/2022,1130,1.61
8/4/2022,1131,1.26
8/6/2022,1132,1.42
8/7/2022,1133,1.85
8/8/2022,1134,1.42
8/9/2022,1135,1.4
8/10/2022,1136,1.65
8/11/2022,1137,1.46
8/13/2022,1138,1.39
8/14/2022,1139,1.85
8/15/2022,1140,1.64
8/16/2022,1141,1.08
8/17/2022,1142,1.87
8/18/2022,1143,1.44
8/20/2022,1144,1.38
8/21/2022,1145,1.63
8/22/2022,1146,1.08
8/23/2022,1147,1.33
8/24/2022,1148,1.66
8/25/2022,1149,1.15
8/27/2022,1150,1.57
8/28/2022,1151,1.61
8/29/2022,1152,1.5
8/30/2022,1153,1.35
8/31/2022,1154,1.51
9/1/2022,1155,1.43
9/3/2022,1156,1.47
9/4/2022,1157,1.45
9/5/2022,1158,1.4
9/6/2022,1159,1.17
9/7/2022,1160,1.53
9/8/2022,1161,1.04
9/10/2022,1162,1.48
9/11/2022,1163,1.87
9/12/2022,1164,1.54
9/13/2022,1165,1.38
9/14/2022,1166,1.53
9/15/2022,1167,1.54
9/17/2022,1168,1.23
9/18/2022,1169,1.46
9/19/2022,1170,1.26
9/20/2022,1171,0.79
9/21/2022,1172,2
9/22/2022,1173,0.5
9/24/2022,1174,1.23
9/25/2022,1175,1.45
9/26/2022,1176,1.49
9/27/2022,1177,1.88
9/29/2022,1178,3.78
10/1/2022,1179,1.41
10/2/2022,1180,0.81
10/3/2022,1181,0.89
10/5/2022,1182,1.2
10/6/2022,1183,0.49
10/8/2022,1184,1.23
10/9/2022,1185,0.89
10/10/2022,1186,0.85
10/11/2022,1187,0.93
10/12/2022,1188,0.46
10/13/2022,1189,3.18
10/15/2022,1190,3.29
10/16/2022,1191,0.94
10/17/2022,1192,0.71
10/18/2022,1193,0.53
10/19/2022,1194,0.79
10/20/2022,1195,0.67
10/22/2022,1196,0.62
10/23/2022,1197,1.27
10/24/2022,1198,0.22
10/25/2022,1199,1.75
10/26/2022,1200,0.3
10/27/2022,1201,0.58
10/29/2022,1202,1.73
10/30/2022,1203,1.59
10/31/2022,1204,1.91
11/1/2022,1205,1.49
11/2/2022,1206,1.3
11/3/2022,1207,1.86
11/5/2022,1208,1.5
11/6/2022,1209,1.82
11/7/2022,1210,1.29
11/8/2022,1211,1.55
11/9/2022,1212,1.2
11/10/2022,1213,1.51
11/12/2022,1214,1.24
11/13/2022,1215,1.51
11/14/2022,1216,1.78
11/15/2022,1217,1.68
11/16/2022,1218,1.18
11/17/2022,1219,1.24
11/19/2022,1220,1.36
11/20/2022,1221,1.52
11/21/2022,1222,1.46
11/22/2022,1223,1.4
11/23/2022,1224,1.47
11/24/2022,1225,1.26
11/26/2022,1226,1.12
11/27/2022,1227,1.47
11/28/2022,1228,1.33
11/29/2022,1229,1.25
11/30/2022,1230,1.46
12/1/2022,1231,1.25
12/3/2022,1232,1.28
12/4/2022,1233,1.37
12/5/2022,1234,1.43
12/6/2022,1235,0.94
12/7/2022,1236,1.69
12/8/2022,1237,1.55
12/10/2022,1238,1.25
12/11/2022,1239,1.2
12/12/2022,1240,1.6
12/13/2022,1241,0.98
12/14/2022,1242,1.54
12/15/2022,1243,1.01
12/17/2022,1244,1.24
12/18/2022,1245,1.32
12/19/2022,1246,1.66
12/20/2022,1247,1.69
12/21/2022,1248,1.46
12/22/2022,1249,1.24
12/24/2022,1250,1.47
12/25/2022,1251,1.62
12/26/2022,1252,1.48
12/27/2022,1253,1.44
12/28/2022,1254,1.59
12/29/2022,1255,1.22
12/31/2022,1256,1.09
1/1/2023,1257,1.47
1/2/2023,1258,1.54
1/3/2023,1259,1.26
1/4/2023,1260,1.55
1/5/2023,1261,1.23
1/7/2023,1262,1.12
1/8/2023,1263,1.09
1/9/2023,1264,1.7
1/10/2023,1265,1.13
1/11/2023,1266,1.41
1/12/2023,1267,0.94
1/14/2023,1268,1.48
1/15/2023,1269,1.33
1/16/2023,1270,1.52
1/17/2023,1271,1.39
1/18/2023,1272,1.49
1/19/2023,1273,1.22
1/21/2023,1274,1.46
1/22/2023,1275,1.38
1/23/2023,1276,1.75
1/24/2023,1277,1.46
1/25/2023,1278,1.57
1/26/2023,1279,1.47
1/28/2023,1280,1.54
1/29/2023,1281,1.56
1/30/2023,1282,1.29
1/31/2023,1283,1.02
2/1/2023,1284,1.14
2/2/2023,1285,0.92
2/4/2023,1286,1.4
2/5/2023,1287,0.99
2/6/2023,1288,1.04
2/7/2023,1289,0.67
2/9/2023,1290,1.33
2/11/2023,1291,1.22
2/12/2023,1292,1.29
2/13/2023,1293,1.35
2/14/2023,1294,1.14
2/15/2023,1295,1.25
2/16/2023,1296,0.94
2/18/2023,1297,1.32
2/19/2023,1298,1.5
2/20/2023,1299,1.68
2/21/2023,1300,1.07
2/22/2023,1301,1.5
2/23/2023,1302,1.13
2/25/2023,1303,1.34
2/26/2023,1304,1.44
2/27/2023,1305,1.89
2/28/2023,1306,1.41
3/1/2023,1307,1.59
3/2/2023,1308,1.28
3/4/2023,1309,1.39
3/5/2023,1310,1.65
3/6/2023,1311,1.45
3/7/2023,1312,1.08
3/8/2023,1313,1.69
3/9/2023,1314,1.16
3/11/2023,1315,1.42
3/12/2023,1316,1.73
3/13/2023,1317,1.7
3/14/2023,1318,1.33
3/15/2023,1319,1.45
3/16/2023,1320,0.93
3/18/2023,1321,1.55
3/19/2023,1322,1.57
3/20/2023,1323,2.04
3/21/2023,1324,1.33
3/22/2023,1325,1.6
3/23/2023,1326,1.25
3/25/2023,1327,1.21
3/26/2023,1328,1.42
3/27/2023,1329,1.49
3/28/2023,1330,0.91
3/29/2023,1331,1.37
3/30/2023,1332,0.89
4/1/2023,1333,1.07
4/2/2023,1334,1.19
4/3/2023,1335,1.29
4/4/2023,1336,1.17
4/5/2023,1337,1.15
4/6/2023,1338,1.19
4/8/2023,1339,1.06
4/9/2023,1340,1.32
4/10/2023,1341,1.32
4/11/2023,1342,1.04
4/12/2023,1343,1.06
4/13/2023,1344,1.04
4/15/2023,1345,1.17
4/16/2023,1346,1.19
4/17/2023,1347,1.42
4/18/2023,1348,1.12
4/19/2023,1349,0.58
4/20/2023,1350,0.77
4/24/2023,1351,1.31
4/25/2023,1352,1.1
4/26/2023,1353,1.42
4/27/2023,1354,1.27
4/29/2023,1355,1.33
4/30/2023,1356,1.72
5/1/2023,1357,1.58
5/2/2023,1358,1.44
5/3/2023,1359,1.65
5/4/2023,1360,1.3
5/6/2023,1361,1.33
5/7/2023,1362,1.76
5/8/2023,1363,1.66
5/9/2023,1364,1.07
5/10/2023,1365,1.25
5/11/2023,1366,1.44
5/13/2023,1367,1.45
5/14/2023,1368,1.62
5/15/2023,1369,1.45
5/16/2023,1370,1.36
5/17/2023,1371,1.53
5/18/2023,1372,1.18
5/20/2023,1373,1.3
5/21/2023,1374,1.71
5/22/2023,1375,1.58
5/23/2023,1376,1.24
5/24/2023,1377,1.52
5/25/2023,1378,1.64
5/27/2023,1379,1.46
5/28/2023,1380,1.61
5/29/2023,1381,1.43
5/30/2023,1382,1.3
5/31/2023,1383,1.58
6/1/2023,1384,1.29
6/3/2023,1385,1.39
6/4/2023,1386,1.79
6/5/2023,1387,1.44
6/6/2023,1388,1.45
6/7/2023,1389,1.6
6/8/2023,1390,1.55
6/10/2023,1391,1.09
6/11/2023,1392,1.85
6/12/2023,1393,1.45
6/13/2023,1394,1.23
6/14/2023,1395,1.35
6/15/2023,1396,1.58
6/17/2023,1397,1.29
6/18/2023,1398,1.56
6/19/2023,1399,1.62
6/20/2023,1400,1.16
6/21/2023,1401,1.47
